日期,="基金净值(单位: 元)"
2025-12-26,=0.7297
2025-12-25,=0.7349
2025-12-24,=0.7255
2025-12-23,=0.7283
2025-12-22,=0.7330
2025-12-19,=0.7345
2025-12-18,=0.7301
2025-12-17,=0.7330
2025-12-16,=0.7337
2025-12-15,=0.7352
2025-12-12,=0.7319
2025-12-11,=0.7289
2025-12-10,=0.7332
2025-12-09,=0.7292
2025-12-08,=0.7400
2025-12-05,=0.7479
2025-12-04,=0.7435
2025-12-03,=0.7579
2025-12-02,=0.7684
2025-12-01,=0.7777
2025-11-28,=0.7786
2025-11-27,=0.7780
2025-11-26,=0.7769
2025-11-25,=0.7757
2025-11-24,=0.7755
2025-11-21,=0.7791
2025-11-20,=0.7869
2025-11-19,=0.7881
2025-11-18,=0.7950
2025-11-17,=0.7970
2025-11-14,=0.7962
2025-11-13,=0.8086
2025-11-12,=0.8024
2025-11-11,=0.8040
2025-11-10,=0.8051
2025-11-07,=0.7686
2025-11-06,=0.7709
2025-11-05,=0.7712
2025-11-04,=0.7760
2025-11-03,=0.7855
2025-10-31,=0.7829
2025-10-30,=0.7703
2025-10-29,=0.7681
2025-10-28,=0.7732
2025-10-27,=0.7707
2025-10-24,=0.7715
2025-10-23,=0.7873
2025-10-22,=0.7815
2025-10-21,=0.7842
2025-10-20,=0.7845
2025-10-17,=0.7885
2025-10-16,=0.8007
2025-10-15,=0.7897
2025-10-14,=0.7846
2025-10-13,=0.7643
2025-10-10,=0.7723
2025-10-09,=0.7759
2025-09-30,=0.7844
2025-09-29,=0.7904
2025-09-26,=0.7755
2025-09-25,=0.7807
2025-09-24,=0.7886
2025-09-23,=0.7885
2025-09-22,=0.7946
2025-09-19,=0.8056
2025-09-18,=0.8038
2025-09-17,=0.8187
2025-09-16,=0.8264
2025-09-15,=0.8269
2025-09-12,=0.8286
2025-09-11,=0.8380
2025-09-10,=0.8331
2025-09-09,=0.8334
2025-09-08,=0.8315
2025-09-05,=0.8175
2025-09-04,=0.8106
2025-09-03,=0.8142
2025-09-02,=0.8237
2025-09-01,=0.8248
2025-08-29,=0.8277
2025-08-28,=0.8079
2025-08-27,=0.8115
2025-08-26,=0.8389
2025-08-25,=0.8367
2025-08-22,=0.8038
2025-08-21,=0.7986
2025-08-20,=0.8059
2025-08-19,=0.7879
2025-08-18,=0.7723
2025-08-15,=0.7685
2025-08-14,=0.7671
2025-08-13,=0.7676
2025-08-12,=0.7681
2025-08-11,=0.7710
2025-08-08,=0.7528
2025-08-07,=0.7573
2025-08-06,=0.7563
2025-08-05,=0.7553
2025-08-04,=0.7462
2025-08-01,=0.7462
2025-07-31,=0.7458
2025-07-30,=0.7642
2025-07-29,=0.7581
2025-07-28,=0.7592
2025-07-25,=0.7622
2025-07-24,=0.7774
2025-07-23,=0.7729
2025-07-22,=0.7767
2025-07-21,=0.7533
2025-07-18,=0.7558
2025-07-17,=0.7425
2025-07-16,=0.7412
2025-07-15,=0.7349
2025-07-14,=0.7443
2025-07-11,=0.7427
2025-07-10,=0.7383
2025-07-09,=0.7320
2025-07-08,=0.7286
2025-07-07,=0.7218
2025-07-04,=0.7246
2025-07-03,=0.7235
2025-07-02,=0.7218
2025-07-01,=0.7176
2025-06-30,=0.7223
2025-06-27,=0.7177
2025-06-26,=0.7245
2025-06-25,=0.7235
2025-06-24,=0.7221
2025-06-23,=0.7162
2025-06-20,=0.7257
2025-06-19,=0.7105
2025-06-18,=0.7142
2025-06-17,=0.7096
2025-06-16,=0.7084
2025-06-13,=0.7073
2025-06-12,=0.7261
2025-06-11,=0.7374
2025-06-10,=0.7352
2025-06-09,=0.7417
2025-06-06,=0.7469
2025-06-05,=0.7475
2025-06-04,=0.7426
2025-06-03,=0.7430
2025-05-30,=0.7505
2025-05-29,=0.7599
2025-05-28,=0.7586
2025-05-27,=0.7602
2025-05-26,=0.7604
2025-05-23,=0.7693
2025-05-22,=0.7745
2025-05-21,=0.7791
2025-05-20,=0.7807
2025-05-19,=0.7815
2025-05-16,=0.7948
2025-05-15,=0.8058
2025-05-14,=0.8147
2025-05-13,=0.7995
2025-05-12,=0.8021
2025-05-09,=0.7975
2025-05-08,=0.7990
2025-05-07,=0.7928
2025-05-06,=0.7900
2025-04-30,=0.7856
2025-04-29,=0.7850
2025-04-28,=0.7995
2025-04-25,=0.8006
2025-04-24,=0.8025
2025-04-23,=0.8078
2025-04-22,=0.8116
2025-04-21,=0.8108
2025-04-18,=0.8206
2025-04-17,=0.8266
2025-04-16,=0.8200
2025-04-15,=0.8176
2025-04-14,=0.8162
2025-04-11,=0.8250
2025-04-10,=0.8339
2025-04-09,=0.8318
2025-04-08,=0.8186
2025-04-07,=0.7984
2025-04-03,=0.8326
2025-04-02,=0.8203
2025-04-01,=0.8228
2025-03-31,=0.8224
2025-03-28,=0.8349
2025-03-27,=0.8414
2025-03-26,=0.8334
2025-03-25,=0.8334
2025-03-24,=0.8348
2025-03-21,=0.8355
2025-03-20,=0.8459
2025-03-19,=0.8614
2025-03-18,=0.8701
2025-03-17,=0.8767
2025-03-14,=0.8765
2025-03-13,=0.8366
2025-03-12,=0.8383
2025-03-11,=0.8475
2025-03-10,=0.8245
2025-03-07,=0.8237
2025-03-06,=0.8072
2025-03-05,=0.7929
2025-03-04,=0.7920
2025-03-03,=0.8018
2025-02-28,=0.8124
2025-02-27,=0.8147
2025-02-26,=0.7956
2025-02-25,=0.7871
2025-02-24,=0.8014
2025-02-21,=0.7901
2025-02-20,=0.7839
2025-02-19,=0.7862
2025-02-18,=0.7824
2025-02-17,=0.7921
2025-02-14,=0.7886
2025-02-13,=0.7909
2025-02-12,=0.7651
2025-02-11,=0.7544
2025-02-10,=0.7625
2025-02-07,=0.7614
2025-02-06,=0.7520
2025-02-05,=0.7479
2025-01-27,=0.7609
2025-01-24,=0.7635
2025-01-23,=0.7670
2025-01-22,=0.7655
2025-01-21,=0.7796
2025-01-20,=0.7861
2025-01-17,=0.7773
2025-01-16,=0.7724
2025-01-15,=0.7783
2025-01-14,=0.7807
2025-01-13,=0.7592
2025-01-10,=0.7513
2025-01-09,=0.7639
2025-01-08,=0.7605
2025-01-07,=0.7641
2025-01-06,=0.7613
2025-01-03,=0.7826
2025-01-02,=0.7907
2024-12-31,=0.8125
2024-12-30,=0.8151
2024-12-27,=0.8234
2024-12-26,=0.8224
2024-12-25,=0.8238
2024-12-24,=0.8270
2024-12-23,=0.8215
2024-12-20,=0.8307
2024-12-19,=0.8296
2024-12-18,=0.8433
2024-12-17,=0.8454
2024-12-16,=0.8438
2024-12-13,=0.8610
2024-12-12,=0.8926
2024-12-11,=0.8732
2024-12-10,=0.8694
2024-12-09,=0.8526
2024-12-06,=0.8536
2024-12-05,=0.8472
2024-12-04,=0.8506
2024-12-03,=0.8581
2024-12-02,=0.8622
2024-11-29,=0.8588
2024-11-28,=0.8483
2024-11-27,=0.8575
2024-11-26,=0.8449
2024-11-25,=0.8397
2024-11-22,=0.8400
2024-11-21,=0.8698
2024-11-20,=0.8723
2024-11-19,=0.8670
2024-11-18,=0.8703
2024-11-15,=0.8839
2024-11-14,=0.8955
2024-11-13,=0.9052
2024-11-12,=0.9054
2024-11-11,=0.9116
2024-11-08,=0.9174
2024-11-07,=0.9391
2024-11-06,=0.8711
2024-11-05,=0.8744
2024-11-04,=0.8524
2024-11-01,=0.8425
2024-10-31,=0.8313
2024-10-30,=0.8361
2024-10-29,=0.8512
2024-10-28,=0.8718
2024-10-25,=0.8483
2024-10-24,=0.8410
2024-10-23,=0.8590
2024-10-22,=0.8462
2024-10-21,=0.8336
2024-10-18,=0.8310
2024-10-17,=0.8055
2024-10-16,=0.8241
2024-10-15,=0.8328
2024-10-14,=0.8624
2024-10-11,=0.8549
2024-10-10,=0.8841
2024-10-09,=0.8719
2024-10-08,=0.9538
2024-09-30,=0.9306
2024-09-27,=0.8566
2024-09-26,=0.7900
2024-09-25,=0.7229
2024-09-24,=0.7186
2024-09-23,=0.6782
2024-09-20,=0.6737
2024-09-19,=0.6724
2024-09-18,=0.6564
2024-09-13,=0.6635
2024-09-12,=0.6790
2024-09-11,=0.6961
2024-09-10,=0.6994
2024-09-09,=0.6977
2024-09-06,=0.7099
2024-09-05,=0.7217
2024-09-04,=0.7191
2024-09-03,=0.7251
2024-09-02,=0.7168
2024-08-30,=0.7462
2024-08-29,=0.7215
2024-08-28,=0.7051
2024-08-27,=0.7264
2024-08-26,=0.7294
2024-08-23,=0.7358
2024-08-22,=0.7344
2024-08-21,=0.7458
2024-08-20,=0.7501
2024-08-19,=0.7568
2024-08-16,=0.7605
2024-08-15,=0.7639
2024-08-14,=0.7603
2024-08-13,=0.7699
2024-08-12,=0.7795
2024-08-09,=0.7837
2024-08-08,=0.7879
2024-08-07,=0.7755
2024-08-06,=0.7680
2024-08-05,=0.7644
2024-08-02,=0.7522
2024-08-01,=0.7556
2024-07-31,=0.7764
2024-07-30,=0.7526
2024-07-29,=0.7547
2024-07-26,=0.7695
2024-07-25,=0.7701
2024-07-24,=0.7712
2024-07-23,=0.7802
2024-07-22,=0.8138
2024-07-19,=0.8331
2024-07-18,=0.8189
2024-07-17,=0.8183
2024-07-16,=0.7978
2024-07-15,=0.8008
2024-07-12,=0.8027
2024-07-11,=0.7958
2024-07-10,=0.7771
2024-07-09,=0.7777
2024-07-08,=0.7705
2024-07-05,=0.7891
2024-07-04,=0.7991
2024-07-03,=0.8096
2024-07-02,=0.8171
2024-07-01,=0.8048
2024-06-28,=0.8095
2024-06-27,=0.8261
2024-06-26,=0.8363
2024-06-25,=0.8340
2024-06-24,=0.8348
2024-06-21,=0.8317
2024-06-20,=0.8455
2024-06-19,=0.8549
2024-06-18,=0.8568
2024-06-17,=0.8694
2024-06-14,=0.8704
2024-06-13,=0.8643
2024-06-12,=0.8760
2024-06-11,=0.8774
2024-06-07,=0.8976
2024-06-06,=0.9099
2024-06-05,=0.9193
2024-06-04,=0.9293
2024-06-03,=0.9205
2024-05-31,=0.9233
2024-05-30,=0.9223
2024-05-29,=0.9352
2024-05-28,=0.9383
2024-05-27,=0.9472
2024-05-24,=0.9479
2024-05-23,=0.9609
2024-05-22,=0.9730
2024-05-21,=0.9835
2024-05-20,=0.9876
2024-05-17,=0.9833
2024-05-16,=0.9698
2024-05-15,=0.9592
2024-05-14,=0.9634
2024-05-13,=0.9605
2024-05-10,=0.9809
2024-05-09,=0.9870
2024-05-08,=0.9864
2024-05-07,=0.9973
2024-05-06,=0.9929
2024-04-30,=0.9621
2024-04-29,=0.9641
2024-04-26,=0.9576
2024-04-25,=0.9375
2024-04-24,=0.9420
2024-04-23,=0.9392
2024-04-22,=0.9257
2024-04-19,=0.9078
2024-04-18,=0.9202
2024-04-17,=0.9198
2024-04-16,=0.9190
2024-04-15,=0.9352
2024-04-12,=0.9035
2024-04-11,=0.9175
2024-04-10,=0.9185
2024-04-09,=0.9320
2024-04-08,=0.9329
2024-04-03,=0.9711
2024-04-02,=0.9728
2024-04-01,=0.9780
2024-03-29,=0.9515
2024-03-28,=0.9534
2024-03-27,=0.9531
2024-03-26,=0.9664
2024-03-25,=0.9508
2024-03-22,=0.9604
2024-03-21,=0.9798
2024-03-20,=0.9756
2024-03-19,=0.9812
2024-03-18,=0.9678
2024-03-15,=0.9674
2024-03-14,=0.9638
2024-03-13,=0.9646
2024-03-12,=0.9702
2024-03-11,=0.9260
2024-03-08,=0.9032
2024-03-07,=0.9093
2024-03-06,=0.9113
2024-03-05,=0.9246
2024-03-04,=0.9141
2024-03-01,=0.9239
2024-02-29,=0.9207
2024-02-28,=0.9000
2024-02-27,=0.9079
2024-02-26,=0.9082
2024-02-23,=0.9191
2024-02-22,=0.9163
2024-02-21,=0.9132
2024-02-20,=0.8728
2024-02-19,=0.8825
2024-02-08,=0.8803
2024-02-07,=0.8822
2024-02-06,=0.8639
2024-02-05,=0.8282
2024-02-02,=0.8231
2024-02-01,=0.8278
2024-01-31,=0.8252
2024-01-30,=0.8361
2024-01-29,=0.8656
2024-01-26,=0.8607
2024-01-25,=0.8605
2024-01-24,=0.8436
2024-01-23,=0.8446
2024-01-22,=0.8485
2024-01-19,=0.8644
2024-01-18,=0.8597
2024-01-17,=0.8408
2024-01-16,=0.8688
2024-01-15,=0.8672
2024-01-12,=0.8763
2024-01-11,=0.8833
2024-01-10,=0.8803
2024-01-09,=0.8735
2024-01-08,=0.8758
2024-01-05,=0.8885
2024-01-04,=0.8959
2024-01-03,=0.9159
2024-01-02,=0.9201
2023-12-29,=0.9491
2023-12-28,=0.9506
2023-12-27,=0.9128
2023-12-26,=0.9137
2023-12-25,=0.9195
2023-12-22,=0.9113
2023-12-21,=0.9135
2023-12-20,=0.8986
2023-12-19,=0.9095
2023-12-18,=0.9089
2023-12-15,=0.9100
2023-12-14,=0.9055
2023-12-13,=0.9236
2023-12-12,=0.9574
2023-12-11,=0.9482
2023-12-08,=0.9629
2023-12-07,=0.9582
2023-12-06,=0.9606
2023-12-05,=0.9566
2023-12-04,=0.9821
2023-12-01,=0.9973
2023-11-30,=1.0113
2023-11-29,=1.0041
2023-11-28,=1.0047
2023-11-27,=1.0079
2023-11-24,=1.0241
2023-11-23,=1.0263
2023-11-22,=1.0283
2023-11-21,=1.0357
2023-11-20,=1.0189
2023-11-17,=1.0155
2023-11-16,=1.0217
2023-11-15,=1.0320
2023-11-14,=1.0247
2023-11-13,=1.0235
2023-11-10,=1.0330
2023-11-09,=1.0465
2023-11-08,=1.0479
2023-11-07,=1.0506
2023-11-06,=1.0578
2023-11-03,=1.0577
2023-11-02,=1.0465
2023-11-01,=1.0619
2023-10-31,=1.0410
2023-10-30,=1.0376
2023-10-27,=1.0238
2023-10-26,=1.0130
2023-10-25,=1.0066
2023-10-24,=0.9784
2023-10-23,=0.9720
2023-10-20,=0.9714
2023-10-19,=0.9746
2023-10-18,=1.0066
2023-10-17,=1.0091
2023-10-16,=1.0086
2023-10-13,=1.0244
2023-10-12,=1.0451
2023-10-11,=1.0446
2023-10-10,=1.0464
2023-10-09,=1.0552
2023-09-28,=1.0592
2023-09-27,=1.0709
2023-09-26,=1.0718
2023-09-25,=1.0829
2023-09-22,=1.0924
2023-09-21,=1.0714
2023-09-20,=1.0931
2023-09-19,=1.0993
2023-09-18,=1.1073
2023-09-15,=1.0970
2023-09-14,=1.1120
2023-09-13,=1.1176
2023-09-12,=1.1158
2023-09-11,=1.1249
2023-09-08,=1.1174
2023-09-07,=1.1234
2023-09-06,=1.1384
2023-09-05,=1.1397
2023-09-04,=1.1532
2023-09-01,=1.1171
2023-08-31,=1.0948
2023-08-30,=1.0991
2023-08-29,=1.1041
2023-08-28,=1.0862
2023-08-25,=1.0875
2023-08-24,=1.0920
2023-08-23,=1.0640
2023-08-22,=1.0809
2023-08-21,=1.0817
2023-08-18,=1.0817
2023-08-17,=1.1057
2023-08-16,=1.0869
2023-08-15,=1.0868
2023-08-14,=1.0878
2023-08-11,=1.1029
2023-08-10,=1.1279
2023-08-09,=1.1296
2023-08-08,=1.1276
2023-08-07,=1.1268
2023-08-04,=1.1434
2023-08-03,=1.1420
2023-08-02,=1.1338
2023-08-01,=1.1386
2023-07-31,=1.1518
2023-07-28,=1.1485
2023-07-27,=1.1255
2023-07-26,=1.1112
2023-07-25,=1.1109
2023-07-24,=1.0556
2023-07-21,=1.0669
2023-07-20,=1.0457
2023-07-19,=1.0459
2023-07-18,=1.0465
2023-07-17,=1.0519
2023-07-14,=1.0664
2023-07-13,=1.0684
2023-07-12,=1.0290
2023-07-11,=1.0263
2023-07-10,=1.0263
2023-07-07,=1.0182
2023-07-06,=1.0221
2023-07-05,=1.0310
2023-07-04,=1.0501
2023-07-03,=1.0429
2023-06-30,=1.0120
2023-06-29,=1.0178
2023-06-28,=1.0362
2023-06-27,=1.0357
2023-06-26,=1.0250
2023-06-21,=1.0524
2023-06-20,=1.0655
2023-06-19,=1.0807
2023-06-16,=1.1072
2023-06-15,=1.0979
2023-06-14,=1.0782
2023-06-13,=1.0504
2023-06-12,=1.0418
2023-06-09,=1.0116
2023-06-08,=1.0173
2023-06-07,=1.0068
2023-06-06,=1.0225
2023-06-05,=1.0244
2023-06-02,=1.0479
2023-06-01,=1.0268
2023-05-31,=1.0209
2023-05-30,=1.0415
2023-05-29,=1.0537
2023-05-26,=1.0623
2023-05-25,=1.0631
2023-05-24,=1.0723
2023-05-23,=1.0870
2023-05-22,=1.1072
2023-05-19,=1.0797
2023-05-18,=1.0642
2023-05-17,=1.0709
2023-05-16,=1.0817
2023-05-15,=1.0934
2023-05-12,=1.0821
2023-05-11,=1.0961
2023-05-10,=1.1018
2023-05-09,=1.1121
2023-05-08,=1.1074
2023-05-05,=1.1231
2023-05-04,=1.1113
2023-04-28,=1.1249
2023-04-27,=1.1160
2023-04-26,=1.1137
2023-04-25,=1.1137
2023-04-24,=1.0979
2023-04-21,=1.1183
2023-04-20,=1.1255
2023-04-19,=1.1406
2023-04-18,=1.1475
2023-04-17,=1.1459
2023-04-14,=1.1275
2023-04-13,=1.1426
2023-04-12,=1.1316
2023-04-11,=1.1590
2023-04-10,=1.1810
2023-04-07,=1.2003
2023-04-06,=1.2108
2023-04-04,=1.2403
2023-04-03,=1.2306
2023-03-31,=1.2352
2023-03-30,=1.2390
2023-03-29,=1.2289
2023-03-28,=1.2192
2023-03-27,=1.1957
2023-03-24,=1.2074
2023-03-23,=1.2074
2023-03-22,=1.1922
2023-03-21,=1.1949
2023-03-20,=1.1606
2023-03-17,=1.1722
2023-03-16,=1.1916
2023-03-15,=1.1898
2023-03-14,=1.2062
2023-03-13,=1.2194
2023-03-10,=1.1958
2023-03-09,=1.2120
2023-03-08,=1.2207
2023-03-07,=1.2305
2023-03-06,=1.2521
2023-03-03,=1.2550
2023-03-02,=1.2619
2023-03-01,=1.2669
2023-02-28,=1.2538
2023-02-27,=1.2567
2023-02-24,=1.2435
2023-02-23,=1.2633
2023-02-22,=1.2750
2023-02-21,=1.2798
2023-02-20,=1.2978
2023-02-17,=1.2711
2023-02-16,=1.2848
2023-02-15,=1.2769
2023-02-14,=1.2776
2023-02-13,=1.2865
2023-02-10,=1.2408
2023-02-09,=1.2355
2023-02-08,=1.1999
2023-02-07,=1.2090
2023-02-06,=1.2113
2023-02-03,=1.2313
2023-02-02,=1.2406
2023-02-01,=1.2329
2023-01-31,=1.2259
2023-01-30,=1.2645
2023-01-20,=1.2432
2023-01-19,=1.2480
2023-01-18,=1.2516
2023-01-17,=1.2614
2023-01-16,=1.2804
2023-01-13,=1.2533
2023-01-12,=1.2195
2023-01-11,=1.2242
2023-01-10,=1.2337
2023-01-09,=1.2270
2023-01-06,=1.1934
2023-01-05,=1.1911
2023-01-04,=1.1352
2023-01-03,=1.1324
2022-12-30,=1.1523
2022-12-29,=1.1443
2022-12-28,=1.1558
2022-12-27,=1.1603
2022-12-26,=1.1428
2022-12-23,=1.1580
2022-12-22,=1.1495
2022-12-21,=1.1249
2022-12-20,=1.1102
2022-12-19,=1.1545
2022-12-16,=1.1684
2022-12-15,=1.1630
2022-12-14,=1.1736
2022-12-13,=1.1407
2022-12-12,=1.1265
2022-12-09,=1.1445
2022-12-08,=1.1059
2022-12-07,=1.1005
2022-12-06,=1.0994
2022-12-05,=1.0674
2022-12-02,=1.0496
2022-12-01,=1.0516
2022-11-30,=1.0166
2022-11-29,=1.0213
2022-11-28,=0.9773
2022-11-25,=0.9799
2022-11-24,=0.9805
2022-11-23,=0.9929
2022-11-22,=0.9983
2022-11-21,=0.9940
2022-11-18,=1.0214
2022-11-17,=1.0168
2022-11-16,=1.0284
2022-11-15,=1.0266
2022-11-14,=1.0028
2022-11-11,=1.0081
2022-11-10,=0.9769
2022-11-09,=0.9662
2022-11-08,=0.9810
2022-11-07,=0.9980
2022-11-04,=0.9946
2022-11-03,=0.9495
2022-11-02,=0.9647
2022-11-01,=0.9492
2022-10-31,=0.8901
2022-10-28,=0.9029
2022-10-27,=0.9054
2022-10-26,=0.9462
2022-10-25,=0.9483
2022-10-24,=0.9510
2022-10-21,=1.0137
2022-10-20,=1.0296
2022-10-19,=1.0199
2022-10-18,=1.0535
2022-10-17,=1.0599
2022-10-14,=1.0777
2022-10-13,=1.0566
2022-10-12,=1.0715
2022-10-11,=1.0822
2022-10-10,=1.0790
2022-09-30,=1.1402
2022-09-29,=1.1451
2022-09-28,=1.1468
2022-09-27,=1.1521
2022-09-26,=1.1167
2022-09-23,=1.0971
2022-09-22,=1.0938
2022-09-21,=1.1082
2022-09-20,=1.1220
2022-09-19,=1.1061
2022-09-16,=1.0944
2022-09-15,=1.1193
2022-09-14,=1.1115
2022-09-13,=1.1232
2022-09-09,=1.1096
2022-09-08,=1.0952
2022-09-07,=1.0913
2022-09-06,=1.1068
2022-09-05,=1.1006
2022-09-02,=1.1232
2022-09-01,=1.1416
2022-08-31,=1.1615
2022-08-30,=1.1369
2022-08-29,=1.1426
2022-08-26,=1.1595
2022-08-25,=1.1446
2022-08-24,=1.1185
2022-08-23,=1.1248
2022-08-22,=1.1419
2022-08-19,=1.1373
2022-08-18,=1.1379
2022-08-17,=1.1592
2022-08-16,=1.1505
2022-08-15,=1.1587
2022-08-12,=1.1723
2022-08-11,=1.1557
2022-08-10,=1.1382
2022-08-09,=1.1519
2022-08-08,=1.1549
2022-08-05,=1.1612
2022-08-04,=1.1570
2022-08-03,=1.1331
2022-08-02,=1.1337
2022-08-01,=1.1495
2022-07-29,=1.1375
2022-07-28,=1.1742
2022-07-27,=1.1807
2022-07-26,=1.2021
2022-07-25,=1.1893
2022-07-22,=1.1816
2022-07-21,=1.1840
2022-07-20,=1.1968
2022-07-19,=1.1899
2022-07-18,=1.1873
2022-07-15,=1.1958
2022-07-14,=1.1927
2022-07-13,=1.2012
2022-07-12,=1.1953
2022-07-11,=1.2034
2022-07-08,=1.2301
2022-07-07,=1.2217
2022-07-06,=1.2262
2022-07-05,=1.2573
2022-07-04,=1.2647
2022-07-01,=1.2732
2022-06-30,=1.2844
2022-06-29,=1.2389
2022-06-28,=1.2509
2022-06-27,=1.2442
2022-06-24,=1.2145
2022-06-23,=1.1967
2022-06-22,=1.1856
2022-06-21,=1.2002
2022-06-20,=1.2057
2022-06-17,=1.1817
2022-06-16,=1.1568
2022-06-15,=1.1602
2022-06-14,=1.1450
2022-06-13,=1.1348
2022-06-10,=1.1598
2022-06-09,=1.1433
2022-06-08,=1.1623
2022-06-07,=1.1418
2022-06-06,=1.1225
2022-06-02,=1.1082
2022-06-01,=1.1168
2022-05-31,=1.1228
2022-05-30,=1.0879
2022-05-27,=1.0532
2022-05-26,=1.0478
2022-05-25,=1.0474
2022-05-24,=1.0529
2022-05-23,=1.0720
2022-05-20,=1.0886
2022-05-19,=1.0471
2022-05-18,=1.0567
2022-05-17,=1.0660
2022-05-16,=1.0568
2022-05-13,=1.0655
2022-05-12,=1.0693
2022-05-11,=1.0586
2022-05-10,=1.0440
2022-05-09,=1.0281
2022-05-06,=1.0503
2022-05-05,=1.0918
2022-04-29,=1.0899
2022-04-28,=1.0839
2022-04-27,=1.0558
2022-04-26,=1.0297
2022-04-25,=1.0092
2022-04-22,=1.0628
2022-04-21,=1.0570
2022-04-20,=1.0717
2022-04-19,=1.0639
2022-04-18,=1.0752
2022-04-15,=1.0808
2022-04-14,=1.0917
2022-04-13,=1.0402
2022-04-12,=1.0412
2022-04-11,=0.9848
2022-04-08,=1.0292
2022-04-07,=1.0331
2022-04-06,=1.0325
2022-04-01,=1.0456
2022-03-31,=1.0211
2022-03-30,=1.0280
2022-03-29,=0.9892
2022-03-28,=0.9969
2022-03-25,=1.0302
2022-03-24,=1.0603
2022-03-23,=1.0852
2022-03-22,=1.0698
2022-03-21,=1.0816
2022-03-18,=1.0831
2022-03-17,=1.0887
2022-03-16,=1.0553
2022-03-15,=1.0261
2022-03-14,=1.0772
2022-03-11,=1.1357
2022-03-10,=1.1448
2022-03-09,=1.0999
2022-03-08,=1.0977
2022-03-07,=1.0953
2022-03-04,=1.1420
2022-03-03,=1.1553
2022-03-02,=1.1954
2022-03-01,=1.2066
2022-02-28,=1.1812
2022-02-25,=1.1758
2022-02-24,=1.1643
2022-02-23,=1.2066
2022-02-22,=1.1963
2022-02-21,=1.2232
2022-02-18,=1.2264
2022-02-17,=1.2178
2022-02-16,=1.2241
2022-02-15,=1.2185
2022-02-14,=1.2000
2022-02-11,=1.1830
2022-02-10,=1.1761
2022-02-09,=1.1829
2022-02-08,=1.1327
2022-02-07,=1.1637
2022-01-28,=1.1632
2022-01-27,=1.2013
2022-01-26,=1.2146
2022-01-25,=1.2007
2022-01-24,=1.2274
2022-01-21,=1.2370
2022-01-20,=1.2215
2022-01-19,=1.2019
2022-01-18,=1.2137
2022-01-17,=1.1929
2022-01-14,=1.1867
2022-01-13,=1.1947
2022-01-12,=1.2357
2022-01-11,=1.2296
2022-01-10,=1.2435
2022-01-07,=1.2489
2022-01-06,=1.2729
2022-01-05,=1.2899
2022-01-04,=1.3007
2021-12-31,=1.3083
2021-12-30,=1.3668
2021-12-29,=1.3537
2021-12-28,=1.4207
2021-12-27,=1.4064
2021-12-24,=1.4178
2021-12-23,=1.4095
2021-12-22,=1.3796
2021-12-21,=1.3768
2021-12-20,=1.3889
2021-12-17,=1.3850
2021-12-16,=1.4240
2021-12-15,=1.4479
2021-12-14,=1.4666
2021-12-13,=1.4544
2021-12-10,=1.4403
2021-12-09,=1.4435
2021-12-08,=1.4523
2021-12-07,=1.3981
2021-12-06,=1.4003
2021-12-03,=1.4097
2021-12-02,=1.3696
2021-12-01,=1.3566
2021-11-30,=1.3488
2021-11-29,=1.3754
2021-11-26,=1.3662
2021-11-25,=1.3696
2021-11-24,=1.3764
2021-11-23,=1.3413
2021-11-22,=1.3439
2021-11-19,=1.3327
2021-11-18,=1.3140
2021-11-17,=1.3121
2021-11-16,=1.3194
2021-11-15,=1.2720
2021-11-12,=1.2686
2021-11-11,=1.2875
2021-11-10,=1.2867
2021-11-09,=1.3113
2021-11-08,=1.3231
2021-11-05,=1.3240
2021-11-04,=1.3221
2021-11-03,=1.2697
2021-11-02,=1.2838
2021-11-01,=1.3073
2021-10-29,=1.3207
2021-10-28,=1.3190
2021-10-27,=1.3094
2021-10-26,=1.3402
2021-10-25,=1.3413
2021-10-22,=1.3568
2021-10-21,=1.3436
2021-10-20,=1.3391
2021-10-19,=1.3295
2021-10-18,=1.2965
2021-10-15,=1.3931
2021-10-14,=1.4011
2021-10-13,=1.4044
2021-10-12,=1.3511
2021-10-11,=1.3467
2021-10-08,=1.3497
2021-09-30,=1.3113
2021-09-29,=1.3026
2021-09-28,=1.3059
2021-09-27,=1.3246
2021-09-24,=1.2467
2021-09-23,=1.2137
2021-09-22,=1.2098
2021-09-17,=1.2515
2021-09-16,=1.2063
2021-09-15,=1.1941
2021-09-14,=1.2296
2021-09-13,=1.2331
2021-09-10,=1.2437
2021-09-09,=1.2146
2021-09-08,=1.2166
2021-09-07,=1.2425
2021-09-06,=1.2477
2021-09-03,=1.2096
2021-09-02,=1.1996
2021-09-01,=1.2191
2021-08-31,=1.1796
2021-08-30,=1.2008
2021-08-27,=1.1893
2021-08-26,=1.1897
2021-08-25,=1.2304
2021-08-24,=1.1968
2021-08-23,=1.1689
2021-08-20,=1.1480
2021-08-19,=1.2265
2021-08-18,=1.2420
2021-08-17,=1.2349
2021-08-16,=1.2947
2021-08-13,=1.2914
2021-08-12,=1.2812
2021-08-11,=1.3038
2021-08-10,=1.3251
2021-08-09,=1.2445
2021-08-06,=1.2314
2021-08-05,=1.2362
2021-08-04,=1.2534
2021-08-03,=1.2736
2021-08-02,=1.2616
2021-07-30,=1.1959
2021-07-29,=1.2726
2021-07-28,=1.2922
2021-07-27,=1.2813
2021-07-26,=1.3292
2021-07-23,=1.4329
2021-07-22,=1.4665
2021-07-21,=1.4956
2021-07-20,=1.4968
2021-07-19,=1.4957
2021-07-16,=1.4826
2021-07-15,=1.4951
2021-07-14,=1.4567
2021-07-13,=1.4485
2021-07-12,=1.4130
2021-07-09,=1.4013
2021-07-08,=1.4508
2021-07-07,=1.4733
2021-07-06,=1.4543
2021-07-05,=1.4559
2021-07-02,=1.4436
2021-07-01,=1.5033
2021-06-30,=1.4846
2021-06-29,=1.4720
2021-06-28,=1.5025
2021-06-25,=1.4905
2021-06-24,=1.4605
2021-06-23,=1.4479
2021-06-22,=1.4993
2021-06-21,=1.4907
2021-06-18,=1.5031
2021-06-17,=1.5277
2021-06-16,=1.4978
2021-06-15,=1.5182
2021-06-11,=1.5188
2021-06-10,=1.5673
2021-06-09,=1.5412
2021-06-08,=1.5395
2021-06-07,=1.6466
2021-06-04,=1.6205
2021-06-03,=1.5900
2021-06-02,=1.5662
2021-06-01,=1.5893
2021-05-31,=1.5704
2021-05-28,=1.5613
2021-05-27,=1.5593
2021-05-26,=1.5507
2021-05-25,=1.5642
2021-05-24,=1.5114
2021-05-21,=1.4726
2021-05-20,=1.4683
2021-05-19,=1.4331
2021-05-18,=1.4453
2021-05-17,=1.4426
2021-05-14,=1.4150
2021-05-13,=1.3948
2021-05-12,=1.3922
2021-05-11,=1.3701
2021-05-10,=1.3236
2021-05-07,=1.3465
2021-05-06,=1.3694
2021-04-30,=1.4125
2021-04-29,=1.4291
2021-04-28,=1.4308
2021-04-27,=1.3957
2021-04-26,=1.3767
2021-04-23,=1.3967
2021-04-22,=1.3811
2021-04-21,=1.3814
2021-04-20,=1.3483
2021-04-19,=1.3331
2021-04-16,=1.3168
2021-04-15,=1.2852
2021-04-14,=1.2950
2021-04-13,=1.2788
2021-04-12,=1.2674
2021-04-09,=1.2661
2021-04-08,=1.3029
2021-04-07,=1.2782
2021-04-06,=1.3374
2021-04-02,=1.3565
2021-04-01,=1.2946
2021-03-31,=1.2640
2021-03-30,=1.2865
2021-03-29,=1.2814
2021-03-26,=1.2588
2021-03-25,=1.2145
2021-03-24,=1.2235
2021-03-23,=1.2227
2021-03-22,=1.2113
2021-03-19,=1.2058
2021-03-18,=1.2389
2021-03-17,=1.2034
2021-03-16,=1.1886
2021-03-15,=1.1572
2021-03-12,=1.2167
2021-03-11,=1.2119
2021-03-10,=1.1668
2021-03-09,=1.1255
2021-03-08,=1.1629
2021-03-05,=1.2521
2021-03-04,=1.2375
2021-03-03,=1.3024
2021-03-02,=1.2715
2021-03-01,=1.3075
2021-02-26,=1.2999
2021-02-25,=1.3373
2021-02-24,=1.3567
2021-02-23,=1.4360
2021-02-22,=1.4313
2021-02-19,=1.5541
2021-02-18,=1.5632
2021-02-10,=1.6198
2021-02-09,=1.5439
2021-02-08,=1.5086
2021-02-05,=1.5084
2021-02-04,=1.4920
2021-02-03,=1.4838
2021-02-02,=1.4844
2021-02-01,=1.4223
2021-01-29,=1.4254
2021-01-28,=1.3997
2021-01-27,=1.4179
2021-01-26,=1.4599
2021-01-25,=1.4934
2021-01-22,=1.4042
2021-01-21,=1.4148
2021-01-20,=1.3739
2021-01-19,=1.3634
2021-01-18,=1.3915
2021-01-15,=1.4176
2021-01-14,=1.4629
2021-01-13,=1.5102
2021-01-12,=1.5243
2021-01-11,=1.4791
2021-01-08,=1.5287
2021-01-07,=1.5758
2021-01-06,=1.5533
2021-01-05,=1.5488
2021-01-04,=1.4734
2020-12-31,=1.4266
2020-12-30,=1.4017
2020-12-29,=1.3717
2020-12-28,=1.3869
2020-12-25,=1.3217
2020-12-24,=1.3219
2020-12-23,=1.3476
2020-12-22,=1.3552
2020-12-21,=1.3313
2020-12-18,=1.3249
2020-12-17,=1.3216
2020-12-16,=1.2858
2020-12-15,=1.2569
2020-12-14,=1.2713
2020-12-11,=1.2422
2020-12-10,=1.2352
2020-12-09,=1.2249
2020-12-08,=1.2305
2020-12-07,=1.2120
2020-12-04,=1.2081
2020-12-03,=1.1684
2020-12-02,=1.1569
2020-12-01,=1.1573
2020-11-30,=1.1473
2020-11-27,=1.1829
2020-11-26,=1.1758
2020-11-25,=1.1699
2020-11-24,=1.2125
2020-11-23,=1.2053
2020-11-20,=1.1930
2020-11-19,=1.1755
2020-11-18,=1.1710
2020-11-17,=1.1903
2020-11-16,=1.2068
2020-11-13,=1.1617
2020-11-12,=1.2029
2020-11-11,=1.1822
2020-11-10,=1.1808
2020-11-09,=1.1560
2020-11-06,=1.1343
2020-11-05,=1.1418
2020-11-04,=1.1206
2020-11-03,=1.1152
2020-11-02,=1.1031
2020-10-30,=1.0850
2020-10-29,=1.1166
2020-10-28,=1.0858
2020-10-27,=1.0514
2020-10-26,=1.0419
2020-10-23,=1.0533
2020-10-22,=1.0808
2020-10-21,=1.0612
2020-10-20,=1.0578
2020-10-19,=1.0254
2020-10-16,=1.0333
2020-10-15,=1.0449
2020-10-14,=1.0461
2020-10-13,=1.0496
2020-10-12,=1.0321
2020-10-09,=0.9779
2020-09-30,=0.9639
2020-09-29,=0.9595
2020-09-28,=0.9615
2020-09-25,=0.9506
2020-09-24,=0.9503
2020-09-23,=0.9671
2020-09-22,=0.9719
2020-09-21,=0.9809
2020-09-18,=0.9960
2020-09-17,=0.9826
2020-09-16,=1.0061
2020-09-15,=1.0232
2020-09-14,=1.0250
2020-09-11,=1.0167
2020-09-10,=0.9889
2020-09-09,=0.9737
2020-09-08,=0.9935
2020-09-07,=1.0218
2020-09-04,=1.0391
2020-09-03,=1.0593
2020-09-02,=1.0377
2020-09-01,=1.0457
2020-08-31,=1.0577
2020-08-28,=1.0520
2020-08-27,=1.0118
2020-08-26,=1
2020-08-25,=1.5018
2020-08-24,=1.4456
2020-08-21,=1.4165
2020-08-20,=1.3974
2020-08-19,=1.4294
2020-08-18,=1.4274
2020-08-17,=1.4190
2020-08-14,=1.3869
2020-08-13,=1.3409
2020-08-12,=1.3304
2020-08-11,=1.3544
2020-08-10,=1.3421
2020-08-07,=1.3405
2020-08-06,=1.3562
2020-08-05,=1.3920
2020-08-04,=1.3884
2020-08-03,=1.3952
2020-07-31,=1.3939
2020-07-30,=1.3957
2020-07-29,=1.3859
2020-07-28,=1.3776
2020-07-27,=1.3440
2020-07-24,=1.3282
2020-07-23,=1.3914
2020-07-22,=1.3875
2020-07-21,=1.3698
2020-07-20,=1.3385
2020-07-17,=1.3536
2020-07-16,=1.3552
2020-07-15,=1.4841
2020-07-14,=1.4522
2020-07-13,=1.4484
2020-07-10,=1.3876
2020-07-09,=1.3699
2020-07-08,=1.3493
2020-07-07,=1.3509
2020-07-06,=1.3113
2020-07-03,=1.2801
2020-07-02,=1.2928
2020-07-01,=1.2494
2020-06-30,=1.1814
2020-06-29,=1.1629
2020-06-24,=1.1588
2020-06-23,=1.1609
2020-06-22,=1.1248
2020-06-19,=1.1330
2020-06-18,=1.1065
2020-06-17,=1.1033
2020-06-16,=1.1139
2020-06-15,=1.0959
2020-06-12,=1.1262
2020-06-11,=1.1228
2020-06-10,=1.1416
2020-06-09,=1.1370
2020-06-08,=1.1287
2020-06-05,=1.1219
2020-06-04,=1.1006
2020-06-03,=1.0798
2020-06-02,=1.0862
2020-06-01,=1.0987
2020-05-29,=1.0653
2020-05-28,=1.0497
2020-05-27,=1.0418
2020-05-26,=1.0511
2020-05-25,=1.0408
2020-05-22,=1.0199
2020-05-21,=1.0558
2020-05-20,=1.0485
2020-05-19,=1.0567
2020-05-18,=1.0488
2020-05-15,=1.0195
2020-05-14,=1.0322
2020-05-13,=1.0337
2020-05-12,=1.0082
2020-05-11,=1.0049
2020-05-08,=1.0021
2020-05-07,=0.9923
2020-05-06,=0.9806
2020-04-30,=0.9734
2020-04-29,=0.9707
2020-04-28,=0.9829
2020-04-27,=0.9559
2020-04-24,=0.9632
2020-04-23,=0.9530
2020-04-22,=0.9508
2020-04-21,=0.9249
2020-04-20,=0.9467
2020-04-17,=0.9421
2020-04-16,=0.9290
2020-04-15,=0.9380
2020-04-14,=0.9397
2020-04-13,=0.9278
2020-04-10,=0.9285
2020-04-09,=0.9179
2020-04-08,=0.9130
2020-04-07,=0.9131
2020-04-03,=0.8899
2020-04-02,=0.8920
2020-04-01,=0.8806
2020-03-31,=0.8866
2020-03-30,=0.8703
2020-03-27,=0.8871
2020-03-26,=0.8670
2020-03-25,=0.8678
2020-03-24,=0.8433
2020-03-23,=0.8126
2020-03-20,=0.8375
2020-03-19,=0.8110
2020-03-18,=0.8394
2020-03-17,=0.8623
2020-03-16,=0.8808
2020-03-13,=0.9177
2020-03-12,=0.9348
2020-03-11,=0.9573
2020-03-10,=0.9597
2020-03-09,=0.9331
2020-03-06,=0.9694
2020-03-05,=0.9920
2020-03-04,=0.9445
2020-03-03,=0.9371
2020-03-02,=0.9308
2020-02-28,=0.9085
2020-02-27,=0.9472
2020-02-26,=0.9363
2020-02-25,=0.9443
2020-02-24,=0.9522
2020-02-21,=0.9701
2020-02-20,=0.9726
2020-02-19,=0.9396
2020-02-18,=0.9283
2020-02-17,=0.9331
2020-02-14,=0.9257
2020-02-13,=0.9280
2020-02-12,=0.9350
2020-02-11,=0.9324
2020-02-10,=0.9112
2020-02-07,=0.9091
2020-02-06,=0.9014
2020-02-05,=0.8926
2020-02-04,=0.8809
2020-02-03,=0.8865
2020-01-23,=0.9675
2020-01-22,=1.0043
2020-01-21,=1.0006
2020-01-20,=1.0295
2020-01-17,=1.0401
2020-01-16,=1.0400
2020-01-15,=1.0381
2020-01-14,=1.0332
2020-01-13,=1.0486
2020-01-10,=1.0337
2020-01-09,=1.0100
2020-01-08,=0.9896
2020-01-07,=0.9880
2020-01-06,=0.9779
2020-01-03,=0.9857
2020-01-02,=0.9966
2019-12-31,=1.0073
2019-12-30,=1.0068
2019-12-27,=0.9734
2019-12-26,=0.9637
2019-12-25,=0.9566
2019-12-24,=0.9676
2019-12-23,=0.9635
2019-12-20,=0.9698
2019-12-19,=0.9735
2019-12-18,=0.9807
2019-12-17,=0.9761
2019-12-16,=0.9649
2019-12-13,=0.9803
2019-12-12,=0.9654
2019-12-11,=0.9733
2019-12-10,=0.9836
2019-12-09,=0.9833
2019-12-06,=0.9889
2019-12-05,=0.9686
2019-12-04,=0.9697
2019-12-03,=0.9641
2019-12-02,=0.9686
2019-11-29,=0.9686
2019-11-28,=0.9939
2019-11-27,=0.9999
2019-11-26,=0.9964
2019-11-25,=0.9869
2019-11-22,=0.9896
2019-11-21,=1.0167
2019-11-20,=1.0184
2019-11-19,=1.0131
2019-11-18,=1.0048
2019-11-15,=1.0093
2019-11-14,=1.0158
2019-11-13,=1.0052
2019-11-12,=0.9986
2019-11-11,=0.9951
2019-11-08,=1.0050
2019-11-07,=1.0012
2019-11-06,=0.9933
2019-11-05,=1.0043
2019-11-04,=1.0021
2019-11-01,=0.9949
2019-10-31,=0.9833
2019-10-30,=0.9837
2019-10-29,=0.9922
2019-10-28,=0.9848
2019-10-25,=0.9660
2019-10-24,=0.9507
2019-10-23,=0.9666
2019-10-22,=0.9833
2019-10-21,=0.9794
2019-10-18,=0.9775
2019-10-17,=0.9961
2019-10-16,=0.9947
2019-10-15,=1.0136
2019-10-14,=0.9975
2019-10-11,=0.9960
2019-10-10,=0.9912
2019-10-09,=0.9924
2019-10-08,=1.0041
2019-09-30,=0.9895
2019-09-27,=1.0083
2019-09-26,=1.0117
2019-09-25,=1.0237
2019-09-24,=1.0290
2019-09-23,=1.0086
2019-09-20,=1.0209
2019-09-19,=1.0128
2019-09-18,=1.0113
2019-09-17,=0.9790
2019-09-16,=0.9771
2019-09-12,=0.9835
2019-09-11,=0.9677
2019-09-10,=1.0126
2019-09-09,=1.0174
2019-09-06,=1.0179
2019-09-05,=1.0172
2019-09-04,=1.0129
2019-09-03,=1.0272
2019-09-02,=1.0336
2019-08-30,=1.0299
2019-08-29,=1.0060
2019-08-28,=0.9955
2019-08-27,=0.9915
2019-08-26,=0.9706
2019-08-23,=0.9893
2019-08-22,=0.9866
2019-08-21,=0.9661
2019-08-20,=0.9738
2019-08-19,=0.9627
2019-08-16,=0.9509
2019-08-15,=0.9418
2019-08-14,=0.9446
2019-08-13,=0.9213
2019-08-12,=0.9242
2019-08-09,=0.8983
2019-08-08,=0.9119
2019-08-07,=0.8969
2019-08-06,=0.9061
2019-08-05,=0.8922
2019-08-02,=0.9117
2019-08-01,=0.9180
2019-07-31,=0.9312
2019-07-30,=0.9460
2019-07-29,=0.9504
2019-07-26,=0.9421
2019-07-25,=0.9425
2019-07-24,=0.9323
2019-07-23,=0.9341
2019-07-22,=0.9548
2019-07-19,=0.9541
2019-07-18,=0.9473
2019-07-17,=0.9607
2019-07-16,=0.9661
2019-07-15,=0.9773
2019-07-12,=0.9870
2019-07-11,=0.9737
2019-07-10,=0.9816
2019-07-09,=0.9760
2019-07-08,=0.9719
2019-07-05,=0.9875
2019-07-04,=0.9613
2019-07-03,=0.9784
2019-07-02,=1
2019-07-01,=1.5448
2019-06-28,=1.4739
2019-06-27,=1.4687
2019-06-26,=1.4184
2019-06-25,=1.4257
2019-06-24,=1.4254
2019-06-21,=1.4020
2019-06-20,=1.3889
2019-06-19,=1.3291
2019-06-18,=1.3104
2019-06-17,=1.3101
2019-06-14,=1.3174
2019-06-13,=1.3295
2019-06-12,=1.3354
2019-06-11,=1.3503
2019-06-10,=1.2806
2019-06-06,=1.2574
2019-06-05,=1.2710
2019-06-04,=1.2719
2019-06-03,=1.3032
2019-05-31,=1.3104
2019-05-30,=1.3285
2019-05-29,=1.3428
2019-05-28,=1.3342
2019-05-27,=1.3200
2019-05-24,=1.3142
2019-05-23,=1.2961
2019-05-22,=1.3419
2019-05-21,=1.3547
2019-05-20,=1.3415
2019-05-17,=1.3750
2019-05-16,=1.4159
2019-05-15,=1.3965
2019-05-14,=1.3139
2019-05-13,=1.3255
2019-05-10,=1.3219
2019-05-09,=1.2569
2019-05-08,=1.3030
2019-05-07,=1.3034
2019-05-06,=1.2753
2019-04-30,=1.3898
2019-04-29,=1.3815
2019-04-26,=1.3719
2019-04-25,=1.3539
2019-04-24,=1.3811
2019-04-23,=1.3898
2019-04-22,=1.3644
2019-04-19,=1.3755
2019-04-18,=1.3780
2019-04-17,=1.3631
2019-04-16,=1.3489
2019-04-15,=1.3244
2019-04-12,=1.3382
2019-04-11,=1.3374
2019-04-10,=1.4047
2019-04-09,=1.3866
2019-04-08,=1.3641
2019-04-04,=1.3584
2019-04-03,=1.3245
2019-04-02,=1.3335
2019-04-01,=1.3512
2019-03-29,=1.3327
2019-03-28,=1.2696
2019-03-27,=1.2507
2019-03-26,=1.2148
2019-03-25,=1.2088
2019-03-22,=1.2427
2019-03-21,=1.2277
2019-03-20,=1.2378
2019-03-19,=1.2324
2019-03-18,=1.2453
2019-03-15,=1.1542
2019-03-14,=1.1182
2019-03-13,=1.1052
2019-03-12,=1.1021
2019-03-11,=1.1111
2019-03-08,=1.0700
2019-03-07,=1.1002
2019-03-06,=1.1305
2019-03-05,=1.1409
2019-03-04,=1.1388
2019-03-01,=1.1245
2019-02-28,=1.0811
2019-02-27,=1.0711
2019-02-26,=1.0497
2019-02-25,=1.0724
2019-02-22,=1.0372
2019-02-21,=1.0290
2019-02-20,=1.0400
2019-02-19,=1.0452
2019-02-18,=1.0510
2019-02-15,=1.0114
2019-02-14,=1.0331
2019-02-13,=1.0071
2019-02-12,=0.9954
2019-02-11,=0.9924
2019-02-01,=0.9503
2019-01-31,=0.9367
2019-01-30,=0.9223
2019-01-29,=0.9416
2019-01-28,=0.9362
2019-01-25,=0.9238
2019-01-24,=0.9231
2019-01-23,=0.9153
2019-01-22,=0.9125
2019-01-21,=0.9285
2019-01-18,=0.9156
2019-01-17,=0.8935
2019-01-16,=0.8959
2019-01-15,=0.9062
2019-01-14,=0.8507
2019-01-11,=0.8619
2019-01-10,=0.8456
2019-01-09,=0.8503
2019-01-08,=0.8349
2019-01-07,=0.8338
2019-01-04,=0.8307
2019-01-03,=0.8123
2019-01-02,=0.8344
2018-12-31,=0.8484
2018-12-28,=0.8485
2018-12-27,=0.8349
2018-12-26,=0.8381
2018-12-25,=0.8511
2018-12-24,=0.8532
2018-12-21,=0.8471
2018-12-20,=0.8615
2018-12-19,=0.8702
2018-12-18,=0.8844
2018-12-17,=0.8882
2018-12-14,=0.9177
2018-12-13,=0.9323
2018-12-12,=0.9152
2018-12-11,=0.9097
2018-12-10,=0.9027
2018-12-07,=0.9160
2018-12-06,=0.9134
2018-12-05,=0.9402
2018-12-04,=0.9332
2018-12-03,=0.9336
2018-11-30,=0.8903
2018-11-29,=0.8641
2018-11-28,=0.8614
2018-11-27,=0.8480
2018-11-26,=0.8517
2018-11-23,=0.8554
2018-11-22,=0.8757
2018-11-21,=0.8759
2018-11-20,=0.8668
2018-11-19,=0.8879
2018-11-16,=0.8697
2018-11-15,=0.8698
2018-11-14,=0.8632
2018-11-13,=0.8810
2018-11-12,=0.8533
2018-11-09,=0.8565
2018-11-08,=0.8628
2018-11-07,=0.8622
2018-11-06,=0.8623
2018-11-05,=0.8753
2018-11-02,=0.9003
2018-11-01,=0.8511
2018-10-31,=0.8300
2018-10-30,=0.8002
2018-10-29,=0.8144
2018-10-26,=0.8940
2018-10-25,=0.9179
2018-10-24,=0.9385
2018-10-23,=0.9652
2018-10-22,=1.0420
2018-10-19,=0.9929
2018-10-18,=0.9555
2018-10-17,=0.9790
2018-10-16,=0.9840
2018-10-15,=0.9870
2018-10-12,=1.0075
2018-10-11,=0.9782
2018-10-10,=1.0124
2018-10-09,=1.0588
2018-10-08,=1.0581
2018-09-28,=1.1240
2018-09-27,=1.1190
2018-09-26,=1.1189
2018-09-25,=1.0861
2018-09-21,=1.0950
2018-09-20,=1.0569
2018-09-19,=1.0606
2018-09-18,=1.0319
2018-09-17,=1.0039
2018-09-14,=1.0011
2018-09-13,=0.9807
2018-09-12,=0.9832
2018-09-11,=1.0073
2018-09-10,=1.0073
2018-09-07,=1.0161
2018-09-06,=1.0026
2018-09-05,=1.0253
2018-09-04,=1.0508
2018-09-03,=1.0451
2018-08-31,=1.0479
2018-08-30,=1.0654
2018-08-29,=1.0696
2018-08-28,=1.0724
2018-08-27,=1.0841
2018-08-24,=1.0378
2018-08-23,=1.0524
2018-08-22,=1.0491
2018-08-21,=1.0612
2018-08-20,=1.0247
2018-08-17,=1.0179
2018-08-16,=1.0229
2018-08-15,=1.0582
2018-08-14,=1.0953
2018-08-13,=1.0894
2018-08-10,=1.1061
2018-08-09,=1.1043
2018-08-08,=1.0744
2018-08-07,=1.1087
2018-08-06,=1.0805
2018-08-03,=1.1044
2018-08-02,=1.1405
2018-08-01,=1.1834
2018-07-31,=1.2092
2018-07-30,=1.2034
2018-07-27,=1.2265
2018-07-26,=1.2134
2018-07-25,=1.2314
2018-07-24,=1.2383
2018-07-23,=1.1948
2018-07-20,=1.2166
2018-07-19,=1.2158
2018-07-18,=1.2244
2018-07-17,=1.2425
2018-07-16,=1.2610
2018-07-13,=1.2603
2018-07-12,=1.2265
2018-07-11,=1.1924
2018-07-10,=1.2074
2018-07-09,=1.2066
2018-07-06,=1.1703
2018-07-05,=1.1650
2018-07-04,=1.1700
2018-07-03,=1.1800
2018-07-02,=1.2190
2018-06-29,=1.2300
2018-06-28,=1.1970
2018-06-27,=1.2320
2018-06-26,=1.2850
2018-06-25,=1.2910
2018-06-22,=1.2710
2018-06-21,=1.2680
2018-06-20,=1.2850
2018-06-19,=1.2400
2018-06-15,=1.2980
2018-06-14,=1.3050
2018-06-13,=1.3270
2018-06-12,=1.3400
2018-06-11,=1.2840
2018-06-08,=1.2880
2018-06-07,=1.3010
2018-06-06,=1.3060
2018-06-05,=1.3060
2018-06-04,=1.2890
2018-06-01,=1.2500
2018-05-31,=1.2750
2018-05-30,=1.2380
2018-05-29,=1.2220
2018-05-28,=1.2420
2018-05-25,=1.1850
2018-05-24,=1.1730
2018-05-23,=1.1860
2018-05-22,=1.2100
2018-05-21,=1.2020
2018-05-18,=1.2040
2018-05-17,=1.1950
2018-05-16,=1.2200
2018-05-15,=1.2210
2018-05-14,=1.2150
2018-05-11,=1.1890
2018-05-10,=1.2020
2018-05-09,=1.1840
2018-05-08,=1.1820
2018-05-07,=1.1720
2018-05-04,=1.1090
2018-05-03,=1.1050
2018-05-02,=1.0760
2018-04-27,=1.0540
2018-04-26,=1.0540
2018-04-25,=1.0860
2018-04-24,=1.0870
2018-04-23,=1.0540
2018-04-20,=1.0660
2018-04-19,=1.0740
2018-04-18,=1.0440
2018-04-17,=1.0520
2018-04-16,=1.0720
2018-04-13,=1.0660
2018-04-12,=1.0820
2018-04-11,=1.0850
2018-04-10,=1.0880
2018-04-09,=1.0790
2018-04-04,=1.0760
2018-04-03,=1.0390
2018-04-02,=1.0310
2018-03-30,=1.0330
2018-03-29,=1.0370
2018-03-28,=1
2018-03-27,=1.0440
2018-03-26,=1.0480
2018-03-23,=1.0490
2018-03-22,=1.0760
2018-03-21,=1.1040
2018-03-20,=1.1080
2018-03-19,=1.1210
2018-03-16,=1.1160
2018-03-15,=1.1270
2018-03-14,=1.1030
2018-03-13,=1.0870
2018-03-12,=1.1050
2018-03-09,=1.1140
2018-03-08,=1.1060
2018-03-07,=1.0810
2018-03-06,=1.0810
2018-03-05,=1.0740
2018-03-02,=1.0940
2018-03-01,=1.1030
2018-02-28,=1.0880
2018-02-27,=1.1200
2018-02-26,=1.1350
2018-02-23,=1.1390
2018-02-22,=1.1440
2018-02-14,=1.1070
2018-02-13,=1.0940
2018-02-12,=1.0930
2018-02-09,=1.0570
2018-02-08,=1.0750
2018-02-07,=1.0480
2018-02-06,=1.0860
2018-02-05,=1.1000
2018-02-02,=1.1550
2018-02-01,=1.1650
2018-01-31,=1.1950
2018-01-30,=1.1760
2018-01-29,=1.1840
2018-01-26,=1.2380
2018-01-25,=1.2310
2018-01-24,=1.2410
2018-01-23,=1.2620
2018-01-22,=1.2630
2018-01-19,=1.2220
2018-01-18,=1.2390
2018-01-17,=1.2220
2018-01-16,=1.2630
2018-01-15,=1.2510
2018-01-12,=1.2440
2018-01-11,=1.2250
2018-01-10,=1.2400
2018-01-09,=1.2160
2018-01-08,=1.1810
2018-01-05,=1.1750
2018-01-04,=1.1800
2018-01-03,=1.1470
2018-01-02,=1.1430
2017-12-29,=1.1410
2017-12-28,=1.1550
2017-12-27,=1.1100
2017-12-26,=1.1310
2017-12-25,=1.1400
2017-12-22,=1.1410
2017-12-21,=1.1610
2017-12-20,=1.1630
2017-12-19,=1.1400
2017-12-18,=1.1290
2017-12-15,=1.1070
2017-12-14,=1.1250
2017-12-13,=1.1280
2017-12-12,=1.0990
2017-12-11,=1.1020
2017-12-08,=1.0660
2017-12-07,=1.0460
2017-12-06,=1.0650
2017-12-05,=1.0700
2017-12-04,=1.0740
2017-12-01,=1.0390
2017-11-30,=1.0380
2017-11-29,=1.0510
2017-11-28,=1.0730
2017-11-27,=1.0560
2017-11-24,=1.0700
2017-11-23,=1.0710
2017-11-22,=1.1250
2017-11-21,=1.1630
2017-11-20,=1.1400
2017-11-17,=1.1570
2017-11-16,=1.1930
2017-11-15,=1.1610
2017-11-14,=1.1410
2017-11-13,=1.1730
2017-11-10,=1.1820
2017-11-09,=1.1540
2017-11-08,=1.1500
2017-11-07,=1.1570
2017-11-06,=1.1640
2017-11-03,=1.1280
2017-11-02,=1.1220
2017-11-01,=1.1120
2017-10-31,=1.1040
2017-10-30,=1.1060
2017-10-27,=1.1170
2017-10-26,=1.0860
2017-10-25,=1.0640
2017-10-24,=1.0750
2017-10-23,=1.0710
2017-10-20,=1.0630
2017-10-19,=1.0800
2017-10-18,=1.0550
2017-10-17,=1.0370
2017-10-16,=1.0370
2017-10-13,=1.0580
2017-10-12,=1.0570
2017-10-11,=1.0650
2017-10-10,=1.0340
2017-10-09,=1.0180
2017-09-29,=1.0120
2017-09-28,=1.0220
2017-09-27,=0.9960
2017-09-26,=1
2017-09-25,=1.5000
2017-09-22,=1.4690
2017-09-21,=1.4640
2017-09-20,=1.4750
2017-09-19,=1.4580
2017-09-18,=1.4690
2017-09-15,=1.4270
2017-09-14,=1.4350
2017-09-13,=1.4370
2017-09-12,=1.4070
2017-09-11,=1.3700
2017-09-08,=1.3560
2017-09-07,=1.3790
2017-09-06,=1.3870
2017-09-05,=1.3990
2017-09-04,=1.3980
2017-09-01,=1.4150
2017-08-31,=1.4100
2017-08-30,=1.4190
2017-08-29,=1.4080
2017-08-28,=1.4020
2017-08-25,=1.3850
2017-08-24,=1.3720
2017-08-23,=1.3960
2017-08-22,=1.3800
2017-08-21,=1.4060
2017-08-18,=1.4130
2017-08-17,=1.4180
2017-08-16,=1.4340
2017-08-15,=1.4400
2017-08-14,=1.4410
2017-08-11,=1.4220
2017-08-10,=1.4590
2017-08-09,=1.4460
2017-08-08,=1.4000
2017-08-07,=1.4060
2017-08-04,=1.3590
2017-08-03,=1.3700
2017-08-02,=1.3860
2017-08-01,=1.4030
2017-07-31,=1.3970
2017-07-28,=1.3800
2017-07-27,=1.3220
2017-07-26,=1.3110
2017-07-25,=1.3270
2017-07-24,=1.3330
2017-07-21,=1.3100
2017-07-20,=1.2900
2017-07-19,=1.2670
2017-07-18,=1.2470
2017-07-17,=1.2380
2017-07-14,=1.2700
2017-07-13,=1.2570
2017-07-12,=1.2510
2017-07-11,=1.2680
2017-07-10,=1.2560
2017-07-07,=1.2460
2017-07-06,=1.2570
2017-07-05,=1.2630
2017-07-04,=1.2490
2017-07-03,=1.2650
2017-06-30,=1.2860
2017-06-29,=1.2830
2017-06-28,=1.2840
2017-06-27,=1.3070
2017-06-26,=1.3080
2017-06-23,=1.2720
2017-06-22,=1.2680
2017-06-21,=1.2740
2017-06-20,=1.2480
2017-06-19,=1.2520
2017-06-16,=1.2450
2017-06-15,=1.2490
2017-06-14,=1.2720
2017-06-13,=1.2820
2017-06-12,=1.2850
2017-06-09,=1.2540
2017-06-08,=1.2440
2017-06-07,=1.2330
2017-06-06,=1.1990
2017-06-05,=1.1800
2017-06-02,=1.1920
2017-06-01,=1.1990
2017-05-31,=1.1960
2017-05-26,=1.2010
2017-05-25,=1.1980
2017-05-24,=1.1980
2017-05-23,=1.2080
2017-05-22,=1.1810
2017-05-19,=1.1850
2017-05-18,=1.1750
2017-05-17,=1.1770
2017-05-16,=1.1960
2017-05-15,=1.1610
2017-05-12,=1.1410
2017-05-11,=1.1370
2017-05-10,=1.1280
2017-05-09,=1.1320
2017-05-08,=1.1200
2017-05-05,=1.1440
2017-05-04,=1.1510
2017-05-03,=1.1550
2017-05-02,=1.1460
2017-04-28,=1.1590
2017-04-27,=1.1950
2017-04-26,=1.1890
2017-04-25,=1.2000
2017-04-24,=1.1630
2017-04-21,=1.1900
2017-04-20,=1.2110
2017-04-19,=1.1740
2017-04-18,=1.1720
2017-04-17,=1.1460
2017-04-14,=1.1380
2017-04-13,=1.1510
2017-04-12,=1.1340
2017-04-11,=1.1200
2017-04-10,=1.1240
2017-04-07,=1.1530
2017-04-06,=1.1600
2017-04-05,=1.1610
2017-03-31,=1.1510
2017-03-30,=1.1490
2017-03-29,=1.1580
2017-03-28,=1.1500
2017-03-27,=1.1490
2017-03-24,=1.1700
2017-03-23,=1.1750
2017-03-22,=1.1890
2017-03-21,=1.1840
2017-03-20,=1.1430
2017-03-17,=1.1350
2017-03-16,=1.1350
2017-03-15,=1.1380
2017-03-14,=1.1340
2017-03-13,=1.1430
2017-03-10,=1.1240
2017-03-09,=1.1210
2017-03-08,=1.1280
2017-03-07,=1.1350
2017-03-06,=1.1110
2017-03-03,=1.1050
2017-03-02,=1.0990
2017-03-01,=1.0940
2017-02-28,=1.0850
2017-02-27,=1.0820
2017-02-24,=1.1060
2017-02-23,=1.1070
2017-02-22,=1.1180
2017-02-21,=1.1010
2017-02-20,=1.1040
2017-02-17,=1.0610
2017-02-16,=1.0520
2017-02-15,=1.0510
2017-02-14,=1.0590
2017-02-13,=1.0520
2017-02-10,=1.0190
2017-02-09,=1.0130
2017-02-08,=0.9990
2017-02-07,=0.9930
2017-02-06,=0.9940
2017-02-03,=0.9890
2017-01-26,=0.9950
2017-01-25,=1.0010
2017-01-24,=1.0040
2017-01-23,=1.0030
2017-01-20,=1.0010
2017-01-19,=0.9970
2017-01-18,=1.0050
2017-01-17,=0.9890
2017-01-16,=0.9750
2017-01-13,=0.9820
2017-01-12,=0.9870
2017-01-11,=0.9940
2017-01-10,=1.0080
2017-01-09,=1.0090
2017-01-06,=1.0090
2017-01-05,=1.0080
2017-01-04,=1.0110
2017-01-03,=0.9820
2016-12-30,=0.9790
2016-12-29,=0.9600
2016-12-28,=0.9570
2016-12-27,=0.9600
2016-12-26,=0.9590
2016-12-23,=0.9550
2016-12-22,=0.9730
2016-12-21,=0.9830
2016-12-20,=0.9800
2016-12-19,=0.9890
2016-12-16,=0.9800
2016-12-15,=0.9810
2016-12-14,=1.0130
2016-12-13,=1.0170
2016-12-12,=0.9910
2016-12-09,=1.0250
2016-12-08,=1.0240
2016-12-07,=1.0080
2016-12-06,=1.0070
2016-12-05,=0.9920
2016-12-02,=0.9980
2016-12-01,=1.0070
2016-11-30,=1.0060
2016-11-29,=1.0230
2016-11-28,=1.0050
2016-11-25,=1.0030
2016-11-24,=1.0050
2016-11-23,=1.0030
2016-11-22,=0.9900
2016-11-21,=0.9870
2016-11-18,=0.9880
2016-11-17,=0.9930
2016-11-16,=0.9980
2016-11-15,=1.0060
2016-11-14,=0.9940
2016-11-11,=1
2016-11-10,=1.0060
2016-11-09,=0.9970
2016-11-08,=1.0040
2016-11-07,=0.9890
2016-11-04,=0.9900
2016-11-03,=1.0020
2016-11-02,=0.9990
2016-11-01,=1.0140
2016-10-31,=1.0020
2016-10-28,=1.0070
2016-10-27,=1.0070
2016-10-26,=1.0100
2016-10-25,=0.9920
2016-10-24,=0.9670
2016-10-21,=0.9620
2016-10-20,=0.9660
2016-10-19,=0.9710
2016-10-18,=0.9700
2016-10-17,=0.9490
2016-10-14,=0.9490
2016-10-13,=0.9480
2016-10-12,=0.9550
2016-10-11,=0.9570
2016-10-10,=0.9540
2016-09-30,=0.9400
2016-09-29,=0.9230
2016-09-28,=0.9180
2016-09-27,=0.9230
2016-09-26,=0.9140
2016-09-23,=0.9390
2016-09-22,=0.9410
2016-09-21,=0.9270
2016-09-20,=0.9270
2016-09-19,=0.9330
2016-09-14,=0.9250
2016-09-13,=0.9300
2016-09-12,=0.9250
2016-09-09,=0.9560
2016-09-08,=0.9650
2016-09-07,=0.9670
2016-09-06,=0.9750
2016-09-05,=0.9660
2016-09-02,=0.9620
2016-09-01,=0.9730
2016-08-31,=0.9850
2016-08-30,=0.9750
2016-08-29,=0.9730
2016-08-26,=0.9750
2016-08-25,=0.9780
2016-08-24,=0.9840
2016-08-23,=0.9880
2016-08-22,=0.9910
2016-08-19,=0.9930
2016-08-18,=0.9980
2016-08-17,=1.0040
2016-08-16,=1.0040
2016-08-15,=1.0190
2016-08-12,=1
2016-08-11,=0.9980
2016-08-10,=0.9970
2016-08-09,=1.0020
2016-08-08,=0.9840
2016-08-05,=0.9700
2016-08-04,=0.9760
2016-08-03,=0.9750
2016-08-02,=0.9740
2016-08-01,=0.9730
2016-07-29,=1.0090
2016-07-28,=1.0080
2016-07-27,=0.9980
2016-07-26,=1.0240
2016-07-25,=0.9980
2016-07-22,=0.9910
2016-07-21,=1.0130
2016-07-20,=1.0060
2016-07-19,=1.0070
2016-07-18,=1.0340
2016-07-15,=1.0480
2016-07-14,=1.0450
2016-07-13,=1.0510
2016-07-12,=1.0730
2016-07-11,=1.0610
2016-07-08,=1.0340
2016-07-07,=1.0320
2016-07-06,=1.0500
2016-07-05,=0.9850
2016-07-04,=0.9750
2016-07-01,=0.9640
2016-06-30,=0.9710
2016-06-29,=0.9590
2016-06-28,=0.9660
2016-06-27,=0.9680
2016-06-24,=0.9360
2016-06-23,=0.9470
2016-06-22,=0.9510
2016-06-21,=0.9420
2016-06-20,=0.9570
2016-06-17,=0.9650
2016-06-16,=0.9420
2016-06-15,=0.9350
2016-06-14,=0.9130
2016-06-13,=0.8870
2016-06-08,=0.9150
2016-06-07,=0.9310
2016-06-06,=0.9200
2016-06-03,=0.9240
2016-06-02,=0.8880
2016-06-01,=0.8750
2016-05-31,=0.8730
2016-05-30,=0.8450
2016-05-27,=0.8440
2016-05-26,=0.8410
2016-05-25,=0.8440
2016-05-24,=0.8510
2016-05-23,=0.8690
2016-05-20,=0.8580
2016-05-19,=0.8470
2016-05-18,=0.8530
2016-05-17,=0.8660
2016-05-16,=0.8820
2016-05-13,=0.8730
2016-05-12,=0.8780
2016-05-11,=0.8820
2016-05-10,=0.8640
2016-05-09,=0.8570
2016-05-06,=0.8590
2016-05-05,=0.8920
2016-05-04,=0.8880
2016-05-03,=0.8950
2016-04-29,=0.8370
2016-04-28,=0.8180
2016-04-27,=0.8180
2016-04-26,=0.8150
2016-04-25,=0.8100
2016-04-22,=0.8040
2016-04-21,=0.7880
2016-04-20,=0.7850
2016-04-19,=0.8050
2016-04-18,=0.8060
2016-04-15,=0.8190
2016-04-14,=0.8200
2016-04-13,=0.8130
2016-04-12,=0.8100
2016-04-11,=0.8120
2016-04-08,=0.8100
2016-04-07,=0.8210
2016-04-06,=0.8400
2016-04-05,=0.8200
2016-04-01,=0.8130
2016-03-31,=0.8220
2016-03-30,=0.8240
2016-03-29,=0.8110
2016-03-28,=0.8290
2016-03-25,=0.8100
2016-03-24,=0.8000
2016-03-23,=0.7900
2016-03-22,=0.7910
2016-03-21,=0.7870
2016-03-18,=0.7770
2016-03-17,=0.7680
2016-03-16,=0.7560
2016-03-15,=0.7620
2016-03-14,=0.7610
2016-03-11,=0.7570
2016-03-10,=0.7620
2016-03-09,=0.7550
2016-03-08,=0.7650
2016-03-07,=0.7710
2016-03-04,=0.7640
2016-03-03,=0.7490
2016-03-02,=0.7380
2016-03-01,=0.7060
2016-02-29,=0.6910
2016-02-26,=0.7180
2016-02-25,=0.7060
2016-02-24,=0.7490
2016-02-23,=0.7470
2016-02-22,=0.7280
2016-02-19,=0.7110
2016-02-18,=0.7130
2016-02-17,=0.7190
2016-02-16,=0.7190
2016-02-15,=0.7000
2016-02-05,=0.7120
2016-02-04,=0.7250
2016-02-03,=0.7200
2016-02-02,=0.7210
2016-02-01,=0.7100
2016-01-29,=0.7070
2016-01-28,=0.6840
2016-01-27,=0.7060
2016-01-26,=0.7100
2016-01-25,=0.7390
2016-01-22,=0.7270
2016-01-21,=0.7220
2016-01-20,=0.7400
2016-01-19,=0.7560
2016-01-18,=0.7300
2016-01-15,=0.7230
2016-01-14,=0.7450
2016-01-13,=0.7300
2016-01-12,=0.7360
2016-01-11,=0.7370
2016-01-08,=0.7830
2016-01-07,=0.7720
2016-01-06,=0.8300
2016-01-05,=0.8160
2016-01-04,=0.8090
2015-12-31,=0.8690
2015-12-30,=0.8660
2015-12-29,=0.8630
2015-12-28,=0.8470

数据来源于：理杏仁网站(lixinger.com)